--
-- PostgreSQL database dump
--

-- Dumped from database version 15.4
-- Dumped by pg_dump version 15.4

SET statement_timeout = 0;
SET lock_timeout = 0;
SET idle_in_transaction_session_timeout = 0;
SET client_encoding = 'UTF8';
SET standard_conforming_strings = on;
SELECT pg_catalog.set_config('search_path', '', false);
SET check_function_bodies = false;
SET xmloption = content;
SET client_min_messages = warning;
SET row_security = off;

SET default_tablespace = '';

SET default_table_access_method = heap;

--
-- Name: groups; Type: TABLE; Schema: public; Owner: postgres
--

CREATE TABLE public.groups (
    id integer NOT NULL,
    name text,
    "amountOfTrainingsInSubscription" integer,
    "scheduleId" integer,
    "createdAt" timestamp with time zone NOT NULL,
    "updatedAt" timestamp with time zone NOT NULL
);


ALTER TABLE public.groups OWNER TO postgres;

--
-- Name: groups_id_seq; Type: SEQUENCE; Schema: public; Owner: postgres
--

CREATE SEQUENCE public.groups_id_seq
    AS integer
    START WITH 1
    INCREMENT BY 1
    NO MINVALUE
    NO MAXVALUE
    CACHE 1;


ALTER TABLE public.groups_id_seq OWNER TO postgres;

--
-- Name: groups_id_seq; Type: SEQUENCE OWNED BY; Schema: public; Owner: postgres
--

ALTER SEQUENCE public.groups_id_seq OWNED BY public.groups.id;


--
-- Name: insurance; Type: TABLE; Schema: public; Owner: postgres
--

CREATE TABLE public.insurance (
    id integer NOT NULL,
    photo text,
    expires text,
    "userId" integer,
    "createdAt" timestamp with time zone NOT NULL,
    "updatedAt" timestamp with time zone NOT NULL
);


ALTER TABLE public.insurance OWNER TO postgres;

--
-- Name: insurance_id_seq; Type: SEQUENCE; Schema: public; Owner: postgres
--

CREATE SEQUENCE public.insurance_id_seq
    AS integer
    START WITH 1
    INCREMENT BY 1
    NO MINVALUE
    NO MAXVALUE
    CACHE 1;


ALTER TABLE public.insurance_id_seq OWNER TO postgres;

--
-- Name: insurance_id_seq; Type: SEQUENCE OWNED BY; Schema: public; Owner: postgres
--

ALTER SEQUENCE public.insurance_id_seq OWNED BY public.insurance.id;


--
-- Name: medicalDocument; Type: TABLE; Schema: public; Owner: postgres
--

CREATE TABLE public."medicalDocument" (
    id integer NOT NULL,
    photo text,
    expires text,
    "userId" integer,
    "createdAt" timestamp with time zone NOT NULL,
    "updatedAt" timestamp with time zone NOT NULL
);


ALTER TABLE public."medicalDocument" OWNER TO postgres;

--
-- Name: medicalDocument_id_seq; Type: SEQUENCE; Schema: public; Owner: postgres
--

CREATE SEQUENCE public."medicalDocument_id_seq"
    AS integer
    START WITH 1
    INCREMENT BY 1
    NO MINVALUE
    NO MAXVALUE
    CACHE 1;


ALTER TABLE public."medicalDocument_id_seq" OWNER TO postgres;

--
-- Name: medicalDocument_id_seq; Type: SEQUENCE OWNED BY; Schema: public; Owner: postgres
--

ALTER SEQUENCE public."medicalDocument_id_seq" OWNED BY public."medicalDocument".id;


--
-- Name: personTrainings; Type: TABLE; Schema: public; Owner: postgres
--

CREATE TABLE public."personTrainings" (
    id integer NOT NULL,
    attendance character varying(255),
    "trainingByDayId" integer,
    "userId" integer,
    "createdAt" timestamp with time zone NOT NULL,
    "updatedAt" timestamp with time zone NOT NULL
);


ALTER TABLE public."personTrainings" OWNER TO postgres;

--
-- Name: personTrainings_id_seq; Type: SEQUENCE; Schema: public; Owner: postgres
--

CREATE SEQUENCE public."personTrainings_id_seq"
    AS integer
    START WITH 1
    INCREMENT BY 1
    NO MINVALUE
    NO MAXVALUE
    CACHE 1;


ALTER TABLE public."personTrainings_id_seq" OWNER TO postgres;

--
-- Name: personTrainings_id_seq; Type: SEQUENCE OWNED BY; Schema: public; Owner: postgres
--

ALTER SEQUENCE public."personTrainings_id_seq" OWNED BY public."personTrainings".id;


--
-- Name: places; Type: TABLE; Schema: public; Owner: postgres
--

CREATE TABLE public.places (
    id integer NOT NULL,
    name text,
    photo text,
    "createdAt" timestamp with time zone NOT NULL,
    "updatedAt" timestamp with time zone NOT NULL
);


ALTER TABLE public.places OWNER TO postgres;

--
-- Name: places_id_seq; Type: SEQUENCE; Schema: public; Owner: postgres
--

CREATE SEQUENCE public.places_id_seq
    AS integer
    START WITH 1
    INCREMENT BY 1
    NO MINVALUE
    NO MAXVALUE
    CACHE 1;


ALTER TABLE public.places_id_seq OWNER TO postgres;

--
-- Name: places_id_seq; Type: SEQUENCE OWNED BY; Schema: public; Owner: postgres
--

ALTER SEQUENCE public.places_id_seq OWNED BY public.places.id;


--
-- Name: roles; Type: TABLE; Schema: public; Owner: postgres
--

CREATE TABLE public.roles (
    id integer NOT NULL,
    value text NOT NULL,
    text text NOT NULL
);


ALTER TABLE public.roles OWNER TO postgres;

--
-- Name: roles_id_seq; Type: SEQUENCE; Schema: public; Owner: postgres
--

CREATE SEQUENCE public.roles_id_seq
    AS integer
    START WITH 1
    INCREMENT BY 1
    NO MINVALUE
    NO MAXVALUE
    CACHE 1;


ALTER TABLE public.roles_id_seq OWNER TO postgres;

--
-- Name: roles_id_seq; Type: SEQUENCE OWNED BY; Schema: public; Owner: postgres
--

ALTER SEQUENCE public.roles_id_seq OWNED BY public.roles.id;


--
-- Name: schedule; Type: TABLE; Schema: public; Owner: postgres
--

CREATE TABLE public.schedule (
    id integer NOT NULL,
    date text,
    "trainingsByDayId" integer,
    "trainingsByDayOfTheWeekId" integer,
    "userId" integer,
    "groupId" integer,
    "createdAt" timestamp with time zone NOT NULL,
    "updatedAt" timestamp with time zone NOT NULL
);


ALTER TABLE public.schedule OWNER TO postgres;

--
-- Name: schedule_id_seq; Type: SEQUENCE; Schema: public; Owner: postgres
--

CREATE SEQUENCE public.schedule_id_seq
    AS integer
    START WITH 1
    INCREMENT BY 1
    NO MINVALUE
    NO MAXVALUE
    CACHE 1;


ALTER TABLE public.schedule_id_seq OWNER TO postgres;

--
-- Name: schedule_id_seq; Type: SEQUENCE OWNED BY; Schema: public; Owner: postgres
--

ALTER SEQUENCE public.schedule_id_seq OWNED BY public.schedule.id;


--
-- Name: trainingsByDay; Type: TABLE; Schema: public; Owner: postgres
--

CREATE TABLE public."trainingsByDay" (
    id integer NOT NULL,
    date text,
    "time" text,
    "placeId" integer,
    "scheduleId" integer,
    "personTrainingsId" integer,
    "createdAt" timestamp with time zone NOT NULL,
    "updatedAt" timestamp with time zone NOT NULL
);


ALTER TABLE public."trainingsByDay" OWNER TO postgres;

--
-- Name: trainingsByDayOfTheWeek; Type: TABLE; Schema: public; Owner: postgres
--

CREATE TABLE public."trainingsByDayOfTheWeek" (
    id integer NOT NULL,
    "dayOfTheWeek" integer,
    "time" text,
    "placeId" integer,
    "scheduleId" integer,
    "createdAt" timestamp with time zone NOT NULL,
    "updatedAt" timestamp with time zone NOT NULL
);


ALTER TABLE public."trainingsByDayOfTheWeek" OWNER TO postgres;

--
-- Name: trainingsByDayOfTheWeek_id_seq; Type: SEQUENCE; Schema: public; Owner: postgres
--

CREATE SEQUENCE public."trainingsByDayOfTheWeek_id_seq"
    AS integer
    START WITH 1
    INCREMENT BY 1
    NO MINVALUE
    NO MAXVALUE
    CACHE 1;


ALTER TABLE public."trainingsByDayOfTheWeek_id_seq" OWNER TO postgres;

--
-- Name: trainingsByDayOfTheWeek_id_seq; Type: SEQUENCE OWNED BY; Schema: public; Owner: postgres
--

ALTER SEQUENCE public."trainingsByDayOfTheWeek_id_seq" OWNED BY public."trainingsByDayOfTheWeek".id;


--
-- Name: trainingsByDay_id_seq; Type: SEQUENCE; Schema: public; Owner: postgres
--

CREATE SEQUENCE public."trainingsByDay_id_seq"
    AS integer
    START WITH 1
    INCREMENT BY 1
    NO MINVALUE
    NO MAXVALUE
    CACHE 1;


ALTER TABLE public."trainingsByDay_id_seq" OWNER TO postgres;

--
-- Name: trainingsByDay_id_seq; Type: SEQUENCE OWNED BY; Schema: public; Owner: postgres
--

ALTER SEQUENCE public."trainingsByDay_id_seq" OWNED BY public."trainingsByDay".id;


--
-- Name: userGroups; Type: TABLE; Schema: public; Owner: postgres
--

CREATE TABLE public."userGroups" (
    id integer NOT NULL,
    "userId" integer,
    "groupId" integer
);


ALTER TABLE public."userGroups" OWNER TO postgres;

--
-- Name: userGroups_id_seq; Type: SEQUENCE; Schema: public; Owner: postgres
--

CREATE SEQUENCE public."userGroups_id_seq"
    AS integer
    START WITH 1
    INCREMENT BY 1
    NO MINVALUE
    NO MAXVALUE
    CACHE 1;


ALTER TABLE public."userGroups_id_seq" OWNER TO postgres;

--
-- Name: userGroups_id_seq; Type: SEQUENCE OWNED BY; Schema: public; Owner: postgres
--

ALTER SEQUENCE public."userGroups_id_seq" OWNED BY public."userGroups".id;


--
-- Name: users; Type: TABLE; Schema: public; Owner: postgres
--

CREATE TABLE public.users (
    id integer NOT NULL,
    type text,
    email text,
    password text,
    photo text,
    name text,
    "parentName" text,
    birth text,
    "trainingsLeft" integer DEFAULT 0,
    "roleId" integer,
    "createdAt" timestamp with time zone NOT NULL,
    "updatedAt" timestamp with time zone NOT NULL,
    "isVacation" boolean DEFAULT false
);


ALTER TABLE public.users OWNER TO postgres;

--
-- Name: users_id_seq; Type: SEQUENCE; Schema: public; Owner: postgres
--

CREATE SEQUENCE public.users_id_seq
    AS integer
    START WITH 1
    INCREMENT BY 1
    NO MINVALUE
    NO MAXVALUE
    CACHE 1;


ALTER TABLE public.users_id_seq OWNER TO postgres;

--
-- Name: users_id_seq; Type: SEQUENCE OWNED BY; Schema: public; Owner: postgres
--

ALTER SEQUENCE public.users_id_seq OWNED BY public.users.id;


--
-- Name: groups id; Type: DEFAULT; Schema: public; Owner: postgres
--

ALTER TABLE ONLY public.groups ALTER COLUMN id SET DEFAULT nextval('public.groups_id_seq'::regclass);


--
-- Name: insurance id; Type: DEFAULT; Schema: public; Owner: postgres
--

ALTER TABLE ONLY public.insurance ALTER COLUMN id SET DEFAULT nextval('public.insurance_id_seq'::regclass);


--
-- Name: medicalDocument id; Type: DEFAULT; Schema: public; Owner: postgres
--

ALTER TABLE ONLY public."medicalDocument" ALTER COLUMN id SET DEFAULT nextval('public."medicalDocument_id_seq"'::regclass);


--
-- Name: personTrainings id; Type: DEFAULT; Schema: public; Owner: postgres
--

ALTER TABLE ONLY public."personTrainings" ALTER COLUMN id SET DEFAULT nextval('public."personTrainings_id_seq"'::regclass);


--
-- Name: places id; Type: DEFAULT; Schema: public; Owner: postgres
--

ALTER TABLE ONLY public.places ALTER COLUMN id SET DEFAULT nextval('public.places_id_seq'::regclass);


--
-- Name: roles id; Type: DEFAULT; Schema: public; Owner: postgres
--

ALTER TABLE ONLY public.roles ALTER COLUMN id SET DEFAULT nextval('public.roles_id_seq'::regclass);


--
-- Name: schedule id; Type: DEFAULT; Schema: public; Owner: postgres
--

ALTER TABLE ONLY public.schedule ALTER COLUMN id SET DEFAULT nextval('public.schedule_id_seq'::regclass);


--
-- Name: trainingsByDay id; Type: DEFAULT; Schema: public; Owner: postgres
--

ALTER TABLE ONLY public."trainingsByDay" ALTER COLUMN id SET DEFAULT nextval('public."trainingsByDay_id_seq"'::regclass);


--
-- Name: trainingsByDayOfTheWeek id; Type: DEFAULT; Schema: public; Owner: postgres
--

ALTER TABLE ONLY public."trainingsByDayOfTheWeek" ALTER COLUMN id SET DEFAULT nextval('public."trainingsByDayOfTheWeek_id_seq"'::regclass);


--
-- Name: userGroups id; Type: DEFAULT; Schema: public; Owner: postgres
--

ALTER TABLE ONLY public."userGroups" ALTER COLUMN id SET DEFAULT nextval('public."userGroups_id_seq"'::regclass);


--
-- Name: users id; Type: DEFAULT; Schema: public; Owner: postgres
--

ALTER TABLE ONLY public.users ALTER COLUMN id SET DEFAULT nextval('public.users_id_seq'::regclass);


--
-- Data for Name: groups; Type: TABLE DATA; Schema: public; Owner: postgres
--

COPY public.groups (id, name, "amountOfTrainingsInSubscription", "scheduleId", "createdAt", "updatedAt") FROM stdin;
1	Группа 8.1	8	\N	2024-03-30 10:33:48.676+05	2024-03-30 10:33:48.676+05
2	Группа 12.1	12	\N	2024-03-30 10:35:21.967+05	2024-03-30 10:35:21.967+05
3	Группа 12.2	12	\N	2024-03-30 10:50:52.986+05	2024-03-30 10:50:52.986+05
4	Группа 12.3	12	\N	2024-03-30 10:51:02.025+05	2024-03-30 10:51:02.025+05
5	Группа 8.2	8	\N	2024-04-07 17:28:30.045+05	2024-04-07 17:29:47.682+05
\.


--
-- Data for Name: insurance; Type: TABLE DATA; Schema: public; Owner: postgres
--

COPY public.insurance (id, photo, expires, "userId", "createdAt", "updatedAt") FROM stdin;
1	https://footykids-files-storage.storage.yandexcloud.net/insurances/3_insurance1.jpg	13.03.2024	3	2024-03-30 10:59:27.637+05	2024-03-30 11:00:28.988+05
\.


--
-- Data for Name: medicalDocument; Type: TABLE DATA; Schema: public; Owner: postgres
--

COPY public."medicalDocument" (id, photo, expires, "userId", "createdAt", "updatedAt") FROM stdin;
1	https://footykids-files-storage.storage.yandexcloud.net/medicalDocuments/3_medicaldocument1.jpg	20.06.2024	3	2024-03-30 10:59:14.718+05	2024-03-30 11:00:21.79+05
\.


--
-- Data for Name: personTrainings; Type: TABLE DATA; Schema: public; Owner: postgres
--

COPY public."personTrainings" (id, attendance, "trainingByDayId", "userId", "createdAt", "updatedAt") FROM stdin;
179	П	83	12	2024-04-13 18:49:14.059+05	2024-04-13 18:49:14.064+05
180	П	83	3	2024-04-13 18:49:14.059+05	2024-04-13 18:49:14.064+05
189	П	84	12	2024-04-13 18:49:23.325+05	2024-04-13 18:49:23.33+05
199	П	85	12	2024-04-13 18:49:33.209+05	2024-04-13 18:49:33.213+05
209	П	86	12	2024-04-13 18:49:43.183+05	2024-04-13 18:49:43.188+05
279	П	3	12	2024-04-13 18:51:07.568+05	2024-04-13 18:51:07.573+05
280	НП	3	3	2024-04-13 18:51:07.568+05	2024-04-13 18:51:07.573+05
132	П	114	5	2024-04-13 18:48:15.528+05	2024-04-13 18:48:15.533+05
281	П	3	4	2024-04-13 18:51:07.568+05	2024-04-13 18:51:07.573+05
282	П	3	5	2024-04-13 18:51:07.568+05	2024-04-13 18:51:07.573+05
283	П	3	6	2024-04-13 18:51:07.568+05	2024-04-13 18:51:07.573+05
284	П	3	7	2024-04-13 18:51:07.568+05	2024-04-13 18:51:07.573+05
285	П	3	8	2024-04-13 18:51:07.568+05	2024-04-13 18:51:07.573+05
286	П	3	9	2024-04-13 18:51:07.568+05	2024-04-13 18:51:07.573+05
544	П	119	13	2024-04-16 07:49:23.247+05	2024-04-16 07:49:23.25+05
545	П	119	14	2024-04-16 07:49:23.247+05	2024-04-16 07:49:23.25+05
576	ОТ	96	3	2024-04-20 14:41:58.193+05	2024-04-20 14:41:58.214+05
48	Б	92	3	2024-04-13 16:12:49.651+05	2024-04-13 16:12:49.681+05
49	Б	93	3	2024-04-13 16:13:10.724+05	2024-04-13 16:13:10.738+05
133	П	114	6	2024-04-13 18:48:15.528+05	2024-04-13 18:48:15.533+05
134	П	114	7	2024-04-13 18:48:15.528+05	2024-04-13 18:48:15.534+05
135	П	114	8	2024-04-13 18:48:15.528+05	2024-04-13 18:48:15.534+05
87	П	102	3	2024-04-13 16:20:11.933+05	2024-04-13 16:20:11.936+05
89	П	104	3	2024-04-13 16:20:26.447+05	2024-04-13 16:20:26.45+05
90	П	105	3	2024-04-13 16:20:30.299+05	2024-04-13 16:20:30.302+05
91	П	106	3	2024-04-13 16:20:44.987+05	2024-04-13 16:20:44.99+05
92	П	107	3	2024-04-13 16:21:04.587+05	2024-04-13 16:21:04.591+05
136	П	114	9	2024-04-13 18:48:15.528+05	2024-04-13 18:48:15.534+05
137	П	114	10	2024-04-13 18:48:15.528+05	2024-04-13 18:48:15.534+05
96	П	112	12	2024-04-13 18:47:46.852+05	2024-04-13 18:47:46.863+05
97	П	112	3	2024-04-13 18:47:46.852+05	2024-04-13 18:47:46.863+05
98	П	112	4	2024-04-13 18:47:46.852+05	2024-04-13 18:47:46.864+05
99	П	112	5	2024-04-13 18:47:46.852+05	2024-04-13 18:47:46.864+05
100	П	112	6	2024-04-13 18:47:46.852+05	2024-04-13 18:47:46.864+05
101	П	112	7	2024-04-13 18:47:46.852+05	2024-04-13 18:47:46.864+05
102	П	112	8	2024-04-13 18:47:46.852+05	2024-04-13 18:47:46.864+05
103	П	112	9	2024-04-13 18:47:46.852+05	2024-04-13 18:47:46.864+05
104	П	112	10	2024-04-13 18:47:46.852+05	2024-04-13 18:47:46.864+05
105	П	112	11	2024-04-13 18:47:46.852+05	2024-04-13 18:47:46.864+05
106	П	113	12	2024-04-13 18:47:57.033+05	2024-04-13 18:47:57.038+05
107	П	113	3	2024-04-13 18:47:57.033+05	2024-04-13 18:47:57.039+05
108	П	113	4	2024-04-13 18:47:57.033+05	2024-04-13 18:47:57.039+05
109	П	113	5	2024-04-13 18:47:57.033+05	2024-04-13 18:47:57.039+05
110	П	113	6	2024-04-13 18:47:57.033+05	2024-04-13 18:47:57.039+05
111	П	113	7	2024-04-13 18:47:57.033+05	2024-04-13 18:47:57.039+05
112	П	113	8	2024-04-13 18:47:57.033+05	2024-04-13 18:47:57.039+05
113	П	113	9	2024-04-13 18:47:57.033+05	2024-04-13 18:47:57.039+05
114	П	113	10	2024-04-13 18:47:57.033+05	2024-04-13 18:47:57.04+05
115	П	113	11	2024-04-13 18:47:57.033+05	2024-04-13 18:47:57.04+05
129	П	114	12	2024-04-13 18:48:15.528+05	2024-04-13 18:48:15.533+05
130	П	114	3	2024-04-13 18:48:15.528+05	2024-04-13 18:48:15.533+05
131	П	114	4	2024-04-13 18:48:15.528+05	2024-04-13 18:48:15.533+05
138	П	114	11	2024-04-13 18:48:15.528+05	2024-04-13 18:48:15.534+05
139	П	115	12	2024-04-13 18:48:31.05+05	2024-04-13 18:48:31.056+05
140	П	115	3	2024-04-13 18:48:31.05+05	2024-04-13 18:48:31.056+05
141	П	115	4	2024-04-13 18:48:31.05+05	2024-04-13 18:48:31.056+05
142	П	115	5	2024-04-13 18:48:31.05+05	2024-04-13 18:48:31.056+05
143	П	115	6	2024-04-13 18:48:31.05+05	2024-04-13 18:48:31.056+05
144	П	115	7	2024-04-13 18:48:31.05+05	2024-04-13 18:48:31.056+05
145	П	115	8	2024-04-13 18:48:31.05+05	2024-04-13 18:48:31.056+05
146	П	115	9	2024-04-13 18:48:31.05+05	2024-04-13 18:48:31.056+05
147	П	115	10	2024-04-13 18:48:31.05+05	2024-04-13 18:48:31.056+05
148	П	115	11	2024-04-13 18:48:31.05+05	2024-04-13 18:48:31.056+05
149	П	116	12	2024-04-13 18:48:40.843+05	2024-04-13 18:48:40.847+05
150	П	116	3	2024-04-13 18:48:40.843+05	2024-04-13 18:48:40.847+05
151	П	116	4	2024-04-13 18:48:40.843+05	2024-04-13 18:48:40.847+05
152	П	116	5	2024-04-13 18:48:40.843+05	2024-04-13 18:48:40.847+05
153	П	116	6	2024-04-13 18:48:40.843+05	2024-04-13 18:48:40.848+05
154	П	116	7	2024-04-13 18:48:40.843+05	2024-04-13 18:48:40.848+05
155	П	116	8	2024-04-13 18:48:40.843+05	2024-04-13 18:48:40.848+05
156	П	116	9	2024-04-13 18:48:40.843+05	2024-04-13 18:48:40.848+05
157	П	116	10	2024-04-13 18:48:40.843+05	2024-04-13 18:48:40.848+05
158	П	116	11	2024-04-13 18:48:40.843+05	2024-04-13 18:48:40.848+05
159	П	117	12	2024-04-13 18:48:53.416+05	2024-04-13 18:48:53.42+05
160	П	117	3	2024-04-13 18:48:53.416+05	2024-04-13 18:48:53.42+05
161	П	117	4	2024-04-13 18:48:53.416+05	2024-04-13 18:48:53.42+05
162	П	117	5	2024-04-13 18:48:53.416+05	2024-04-13 18:48:53.421+05
163	П	117	6	2024-04-13 18:48:53.416+05	2024-04-13 18:48:53.421+05
164	П	117	7	2024-04-13 18:48:53.416+05	2024-04-13 18:48:53.421+05
165	П	117	8	2024-04-13 18:48:53.416+05	2024-04-13 18:48:53.421+05
166	П	117	9	2024-04-13 18:48:53.416+05	2024-04-13 18:48:53.421+05
167	П	117	10	2024-04-13 18:48:53.416+05	2024-04-13 18:48:53.421+05
168	П	117	11	2024-04-13 18:48:53.416+05	2024-04-13 18:48:53.421+05
169	П	82	12	2024-04-13 18:49:04.17+05	2024-04-13 18:49:04.176+05
170	П	82	3	2024-04-13 18:49:04.17+05	2024-04-13 18:49:04.176+05
171	П	82	4	2024-04-13 18:49:04.17+05	2024-04-13 18:49:04.176+05
172	П	82	5	2024-04-13 18:49:04.17+05	2024-04-13 18:49:04.176+05
173	П	82	6	2024-04-13 18:49:04.17+05	2024-04-13 18:49:04.176+05
174	П	82	7	2024-04-13 18:49:04.17+05	2024-04-13 18:49:04.176+05
175	П	82	8	2024-04-13 18:49:04.17+05	2024-04-13 18:49:04.176+05
176	П	82	9	2024-04-13 18:49:04.17+05	2024-04-13 18:49:04.176+05
177	П	82	10	2024-04-13 18:49:04.17+05	2024-04-13 18:49:04.176+05
178	П	82	11	2024-04-13 18:49:04.17+05	2024-04-13 18:49:04.176+05
181	П	83	4	2024-04-13 18:49:14.059+05	2024-04-13 18:49:14.064+05
182	П	83	5	2024-04-13 18:49:14.059+05	2024-04-13 18:49:14.064+05
183	П	83	6	2024-04-13 18:49:14.059+05	2024-04-13 18:49:14.064+05
184	П	83	7	2024-04-13 18:49:14.059+05	2024-04-13 18:49:14.064+05
185	П	83	8	2024-04-13 18:49:14.059+05	2024-04-13 18:49:14.064+05
186	П	83	9	2024-04-13 18:49:14.059+05	2024-04-13 18:49:14.064+05
187	П	83	10	2024-04-13 18:49:14.059+05	2024-04-13 18:49:14.064+05
188	П	83	11	2024-04-13 18:49:14.059+05	2024-04-13 18:49:14.064+05
190	П	84	3	2024-04-13 18:49:23.325+05	2024-04-13 18:49:23.33+05
191	П	84	4	2024-04-13 18:49:23.325+05	2024-04-13 18:49:23.33+05
192	П	84	5	2024-04-13 18:49:23.325+05	2024-04-13 18:49:23.33+05
193	П	84	6	2024-04-13 18:49:23.325+05	2024-04-13 18:49:23.33+05
194	П	84	7	2024-04-13 18:49:23.325+05	2024-04-13 18:49:23.33+05
195	П	84	8	2024-04-13 18:49:23.325+05	2024-04-13 18:49:23.33+05
196	П	84	9	2024-04-13 18:49:23.325+05	2024-04-13 18:49:23.33+05
197	П	84	10	2024-04-13 18:49:23.325+05	2024-04-13 18:49:23.33+05
198	П	84	11	2024-04-13 18:49:23.325+05	2024-04-13 18:49:23.33+05
200	П	85	3	2024-04-13 18:49:33.209+05	2024-04-13 18:49:33.213+05
201	П	85	4	2024-04-13 18:49:33.209+05	2024-04-13 18:49:33.213+05
202	П	85	5	2024-04-13 18:49:33.209+05	2024-04-13 18:49:33.213+05
203	П	85	6	2024-04-13 18:49:33.209+05	2024-04-13 18:49:33.214+05
204	П	85	7	2024-04-13 18:49:33.209+05	2024-04-13 18:49:33.214+05
205	П	85	8	2024-04-13 18:49:33.209+05	2024-04-13 18:49:33.214+05
206	П	85	9	2024-04-13 18:49:33.209+05	2024-04-13 18:49:33.214+05
207	П	85	10	2024-04-13 18:49:33.209+05	2024-04-13 18:49:33.214+05
208	П	85	11	2024-04-13 18:49:33.209+05	2024-04-13 18:49:33.214+05
210	П	86	3	2024-04-13 18:49:43.183+05	2024-04-13 18:49:43.188+05
211	П	86	4	2024-04-13 18:49:43.183+05	2024-04-13 18:49:43.188+05
212	П	86	5	2024-04-13 18:49:43.183+05	2024-04-13 18:49:43.188+05
213	П	86	6	2024-04-13 18:49:43.183+05	2024-04-13 18:49:43.188+05
214	П	86	7	2024-04-13 18:49:43.183+05	2024-04-13 18:49:43.188+05
215	П	86	8	2024-04-13 18:49:43.183+05	2024-04-13 18:49:43.188+05
216	П	86	9	2024-04-13 18:49:43.183+05	2024-04-13 18:49:43.188+05
217	П	86	10	2024-04-13 18:49:43.183+05	2024-04-13 18:49:43.188+05
218	П	86	11	2024-04-13 18:49:43.183+05	2024-04-13 18:49:43.188+05
219	П	87	12	2024-04-13 18:49:55.295+05	2024-04-13 18:49:55.299+05
220	П	87	3	2024-04-13 18:49:55.295+05	2024-04-13 18:49:55.3+05
221	П	87	4	2024-04-13 18:49:55.295+05	2024-04-13 18:49:55.3+05
222	П	87	5	2024-04-13 18:49:55.295+05	2024-04-13 18:49:55.3+05
223	П	87	6	2024-04-13 18:49:55.295+05	2024-04-13 18:49:55.3+05
224	П	87	7	2024-04-13 18:49:55.295+05	2024-04-13 18:49:55.3+05
225	П	87	8	2024-04-13 18:49:55.295+05	2024-04-13 18:49:55.3+05
226	П	87	9	2024-04-13 18:49:55.295+05	2024-04-13 18:49:55.3+05
227	П	87	10	2024-04-13 18:49:55.295+05	2024-04-13 18:49:55.3+05
228	П	87	11	2024-04-13 18:49:55.295+05	2024-04-13 18:49:55.3+05
229	П	88	12	2024-04-13 18:50:05.228+05	2024-04-13 18:50:05.232+05
230	П	88	3	2024-04-13 18:50:05.228+05	2024-04-13 18:50:05.232+05
231	П	88	4	2024-04-13 18:50:05.228+05	2024-04-13 18:50:05.232+05
232	П	88	5	2024-04-13 18:50:05.228+05	2024-04-13 18:50:05.232+05
233	П	88	6	2024-04-13 18:50:05.228+05	2024-04-13 18:50:05.232+05
234	П	88	7	2024-04-13 18:50:05.228+05	2024-04-13 18:50:05.232+05
235	П	88	8	2024-04-13 18:50:05.228+05	2024-04-13 18:50:05.232+05
236	П	88	9	2024-04-13 18:50:05.228+05	2024-04-13 18:50:05.232+05
237	П	88	10	2024-04-13 18:50:05.228+05	2024-04-13 18:50:05.232+05
238	П	88	11	2024-04-13 18:50:05.228+05	2024-04-13 18:50:05.232+05
239	П	89	12	2024-04-13 18:50:21.88+05	2024-04-13 18:50:21.885+05
240	НП	89	3	2024-04-13 18:50:21.88+05	2024-04-13 18:50:21.885+05
241	П	89	4	2024-04-13 18:50:21.88+05	2024-04-13 18:50:21.886+05
242	П	89	5	2024-04-13 18:50:21.88+05	2024-04-13 18:50:21.886+05
243	П	89	6	2024-04-13 18:50:21.88+05	2024-04-13 18:50:21.886+05
244	П	89	7	2024-04-13 18:50:21.88+05	2024-04-13 18:50:21.886+05
245	П	89	8	2024-04-13 18:50:21.88+05	2024-04-13 18:50:21.886+05
246	П	89	9	2024-04-13 18:50:21.88+05	2024-04-13 18:50:21.886+05
247	П	89	10	2024-04-13 18:50:21.88+05	2024-04-13 18:50:21.886+05
248	П	89	11	2024-04-13 18:50:21.88+05	2024-04-13 18:50:21.886+05
249	П	90	12	2024-04-13 18:50:34.815+05	2024-04-13 18:50:34.82+05
250	НП	90	3	2024-04-13 18:50:34.815+05	2024-04-13 18:50:34.82+05
251	П	90	4	2024-04-13 18:50:34.815+05	2024-04-13 18:50:34.82+05
252	П	90	5	2024-04-13 18:50:34.815+05	2024-04-13 18:50:34.82+05
253	П	90	6	2024-04-13 18:50:34.815+05	2024-04-13 18:50:34.82+05
254	П	90	7	2024-04-13 18:50:34.815+05	2024-04-13 18:50:34.82+05
255	П	90	8	2024-04-13 18:50:34.815+05	2024-04-13 18:50:34.82+05
256	П	90	9	2024-04-13 18:50:34.815+05	2024-04-13 18:50:34.82+05
257	П	90	10	2024-04-13 18:50:34.815+05	2024-04-13 18:50:34.82+05
258	П	90	11	2024-04-13 18:50:34.815+05	2024-04-13 18:50:34.82+05
259	П	1	12	2024-04-13 18:50:46.344+05	2024-04-13 18:50:46.349+05
260	НП	1	3	2024-04-13 18:50:46.344+05	2024-04-13 18:50:46.349+05
261	П	1	4	2024-04-13 18:50:46.344+05	2024-04-13 18:50:46.349+05
262	П	1	5	2024-04-13 18:50:46.344+05	2024-04-13 18:50:46.349+05
263	П	1	6	2024-04-13 18:50:46.344+05	2024-04-13 18:50:46.349+05
264	П	1	7	2024-04-13 18:50:46.344+05	2024-04-13 18:50:46.349+05
265	П	1	8	2024-04-13 18:50:46.344+05	2024-04-13 18:50:46.349+05
266	П	1	9	2024-04-13 18:50:46.344+05	2024-04-13 18:50:46.349+05
267	П	1	10	2024-04-13 18:50:46.344+05	2024-04-13 18:50:46.349+05
268	П	1	11	2024-04-13 18:50:46.344+05	2024-04-13 18:50:46.349+05
269	П	2	12	2024-04-13 18:50:56.795+05	2024-04-13 18:50:56.8+05
270	НП	2	3	2024-04-13 18:50:56.795+05	2024-04-13 18:50:56.8+05
271	П	2	4	2024-04-13 18:50:56.795+05	2024-04-13 18:50:56.8+05
272	П	2	5	2024-04-13 18:50:56.795+05	2024-04-13 18:50:56.8+05
273	П	2	6	2024-04-13 18:50:56.795+05	2024-04-13 18:50:56.8+05
274	П	2	7	2024-04-13 18:50:56.795+05	2024-04-13 18:50:56.8+05
275	П	2	8	2024-04-13 18:50:56.795+05	2024-04-13 18:50:56.8+05
276	П	2	9	2024-04-13 18:50:56.795+05	2024-04-13 18:50:56.8+05
277	П	2	10	2024-04-13 18:50:56.795+05	2024-04-13 18:50:56.8+05
278	П	2	11	2024-04-13 18:50:56.795+05	2024-04-13 18:50:56.8+05
287	П	3	10	2024-04-13 18:51:07.568+05	2024-04-13 18:51:07.573+05
288	П	3	11	2024-04-13 18:51:07.568+05	2024-04-13 18:51:07.573+05
289	П	4	12	2024-04-13 18:51:17.329+05	2024-04-13 18:51:17.332+05
290	НП	4	3	2024-04-13 18:51:17.329+05	2024-04-13 18:51:17.333+05
291	П	4	4	2024-04-13 18:51:17.329+05	2024-04-13 18:51:17.333+05
292	П	4	5	2024-04-13 18:51:17.329+05	2024-04-13 18:51:17.333+05
293	П	4	6	2024-04-13 18:51:17.329+05	2024-04-13 18:51:17.333+05
294	П	4	7	2024-04-13 18:51:17.329+05	2024-04-13 18:51:17.333+05
295	П	4	8	2024-04-13 18:51:17.329+05	2024-04-13 18:51:17.333+05
296	П	4	9	2024-04-13 18:51:17.329+05	2024-04-13 18:51:17.333+05
297	П	4	10	2024-04-13 18:51:17.329+05	2024-04-13 18:51:17.333+05
298	П	4	11	2024-04-13 18:51:17.329+05	2024-04-13 18:51:17.333+05
299	П	5	12	2024-04-13 18:51:29.18+05	2024-04-13 18:51:29.184+05
300	УП	5	3	2024-04-13 18:51:29.18+05	2024-04-13 18:51:29.184+05
301	П	5	4	2024-04-13 18:51:29.18+05	2024-04-13 18:51:29.184+05
302	П	5	5	2024-04-13 18:51:29.18+05	2024-04-13 18:51:29.184+05
303	П	5	6	2024-04-13 18:51:29.18+05	2024-04-13 18:51:29.184+05
304	П	5	7	2024-04-13 18:51:29.18+05	2024-04-13 18:51:29.184+05
305	П	5	8	2024-04-13 18:51:29.18+05	2024-04-13 18:51:29.184+05
306	П	5	9	2024-04-13 18:51:29.18+05	2024-04-13 18:51:29.184+05
307	П	5	10	2024-04-13 18:51:29.18+05	2024-04-13 18:51:29.184+05
308	П	5	11	2024-04-13 18:51:29.18+05	2024-04-13 18:51:29.184+05
309	П	6	12	2024-04-13 18:51:39.407+05	2024-04-13 18:51:39.411+05
310	Б	6	3	2024-04-13 18:51:39.407+05	2024-04-13 18:51:39.411+05
311	П	6	4	2024-04-13 18:51:39.407+05	2024-04-13 18:51:39.411+05
312	П	6	5	2024-04-13 18:51:39.407+05	2024-04-13 18:51:39.411+05
313	П	6	6	2024-04-13 18:51:39.407+05	2024-04-13 18:51:39.411+05
314	П	6	7	2024-04-13 18:51:39.407+05	2024-04-13 18:51:39.411+05
315	П	6	8	2024-04-13 18:51:39.407+05	2024-04-13 18:51:39.411+05
316	П	6	9	2024-04-13 18:51:39.407+05	2024-04-13 18:51:39.411+05
317	П	6	10	2024-04-13 18:51:39.407+05	2024-04-13 18:51:39.411+05
318	П	6	11	2024-04-13 18:51:39.407+05	2024-04-13 18:51:39.411+05
319	П	7	12	2024-04-13 18:51:52.728+05	2024-04-13 18:51:52.731+05
320	УП	7	3	2024-04-13 18:51:52.728+05	2024-04-13 18:51:52.731+05
321	П	7	4	2024-04-13 18:51:52.728+05	2024-04-13 18:51:52.731+05
322	П	7	5	2024-04-13 18:51:52.728+05	2024-04-13 18:51:52.731+05
323	П	7	6	2024-04-13 18:51:52.728+05	2024-04-13 18:51:52.731+05
324	П	7	7	2024-04-13 18:51:52.728+05	2024-04-13 18:51:52.731+05
325	П	7	8	2024-04-13 18:51:52.728+05	2024-04-13 18:51:52.731+05
326	П	7	9	2024-04-13 18:51:52.728+05	2024-04-13 18:51:52.731+05
327	П	7	10	2024-04-13 18:51:52.728+05	2024-04-13 18:51:52.731+05
328	П	7	11	2024-04-13 18:51:52.728+05	2024-04-13 18:51:52.731+05
329	П	8	12	2024-04-13 18:52:03.256+05	2024-04-13 18:52:03.261+05
330	ОТ	8	3	2024-04-13 18:52:03.256+05	2024-04-13 18:52:03.261+05
331	П	8	4	2024-04-13 18:52:03.256+05	2024-04-13 18:52:03.261+05
332	П	8	5	2024-04-13 18:52:03.256+05	2024-04-13 18:52:03.261+05
333	П	8	6	2024-04-13 18:52:03.256+05	2024-04-13 18:52:03.261+05
334	П	8	7	2024-04-13 18:52:03.256+05	2024-04-13 18:52:03.261+05
335	П	8	8	2024-04-13 18:52:03.256+05	2024-04-13 18:52:03.261+05
336	П	8	9	2024-04-13 18:52:03.256+05	2024-04-13 18:52:03.261+05
337	П	8	10	2024-04-13 18:52:03.256+05	2024-04-13 18:52:03.261+05
338	П	8	11	2024-04-13 18:52:03.256+05	2024-04-13 18:52:03.261+05
344	П	101	7	2024-04-13 18:52:13.654+05	2024-04-13 18:52:13.659+05
339	П	101	12	2024-04-13 18:52:13.654+05	2024-04-13 18:52:13.659+05
340	П	101	3	2024-04-13 18:52:13.654+05	2024-04-13 18:52:13.659+05
341	П	101	4	2024-04-13 18:52:13.654+05	2024-04-13 18:52:13.659+05
345	П	101	8	2024-04-13 18:52:13.654+05	2024-04-13 18:52:13.659+05
346	П	101	9	2024-04-13 18:52:13.654+05	2024-04-13 18:52:13.659+05
347	П	101	10	2024-04-13 18:52:13.654+05	2024-04-13 18:52:13.659+05
348	П	101	11	2024-04-13 18:52:13.654+05	2024-04-13 18:52:13.659+05
343	П	101	6	2024-04-13 18:52:13.654+05	2024-04-13 18:52:13.659+05
342	П	101	5	2024-04-13 18:52:13.654+05	2024-04-13 18:52:13.659+05
359	НП	103	12	2024-04-13 18:53:38.839+05	2024-04-13 18:53:38.843+05
360	НП	103	3	2024-04-13 18:53:38.839+05	2024-04-13 18:53:38.843+05
361	НП	103	4	2024-04-13 18:53:38.839+05	2024-04-13 18:53:38.843+05
362	НП	103	5	2024-04-13 18:53:38.839+05	2024-04-13 18:53:38.843+05
363	НП	103	6	2024-04-13 18:53:38.839+05	2024-04-13 18:53:38.844+05
364	НП	103	7	2024-04-13 18:53:38.839+05	2024-04-13 18:53:38.844+05
365	НП	103	8	2024-04-13 18:53:38.839+05	2024-04-13 18:53:38.844+05
366	НП	103	9	2024-04-13 18:53:38.839+05	2024-04-13 18:53:38.844+05
367	НП	103	10	2024-04-13 18:53:38.839+05	2024-04-13 18:53:38.844+05
368	НП	103	11	2024-04-13 18:53:38.839+05	2024-04-13 18:53:38.844+05
392	П	118	3	2024-04-13 18:55:30.421+05	2024-04-13 18:55:30.423+05
426	НП	94	3	2024-04-14 12:16:53.77+05	2024-04-14 12:16:53.774+05
514	П	91	12	2024-04-14 16:44:11.381+05	2024-04-14 16:44:11.386+05
515	Б	91	3	2024-04-14 16:44:11.381+05	2024-04-14 16:44:11.386+05
516	П	91	22	2024-04-14 16:44:11.381+05	2024-04-14 16:44:11.386+05
517	П	91	4	2024-04-14 16:44:11.381+05	2024-04-14 16:44:11.386+05
518	П	91	5	2024-04-14 16:44:11.381+05	2024-04-14 16:44:11.386+05
519	П	91	6	2024-04-14 16:44:11.381+05	2024-04-14 16:44:11.386+05
520	П	91	7	2024-04-14 16:44:11.381+05	2024-04-14 16:44:11.386+05
521	П	91	8	2024-04-14 16:44:11.381+05	2024-04-14 16:44:11.386+05
522	П	91	9	2024-04-14 16:44:11.381+05	2024-04-14 16:44:11.386+05
523	П	91	10	2024-04-14 16:44:11.381+05	2024-04-14 16:44:11.386+05
524	П	91	11	2024-04-14 16:44:11.381+05	2024-04-14 16:44:11.386+05
\.


--
-- Data for Name: places; Type: TABLE DATA; Schema: public; Owner: postgres
--

COPY public.places (id, name, photo, "createdAt", "updatedAt") FROM stdin;
3	СК "Папилон"	https://footykids-files-storage.storage.yandexcloud.net/places/%D0%A1%D0%9A%20%22%D0%9F%D0%B0%D0%BF%D0%B8%D0%BB%D0%BE%D0%BD%22	2023-11-22 21:12:12.994+05	2023-11-22 21:12:12.994+05
38	СК "Экотайм"	https://footykids-files-storage.storage.yandexcloud.net/places/Sports%20Complex.jpg	2024-03-06 01:16:59.695+05	2024-03-06 02:02:23.825+05
40	Стадион "Труд"	https://footykids-files-storage.storage.yandexcloud.net/places/Stadium.jpg	2024-03-06 18:59:13.766+05	2024-03-06 18:59:13.766+05
\.


--
-- Data for Name: roles; Type: TABLE DATA; Schema: public; Owner: postgres
--

COPY public.roles (id, value, text) FROM stdin;
3	SUPER_ADMIN	Главный тренер
1	USER	Пользователь
2	ADMIN	Тренер
4	GENERAL_SUPER_ADMIN	Руководитель
\.


--
-- Data for Name: schedule; Type: TABLE DATA; Schema: public; Owner: postgres
--

COPY public.schedule (id, date, "trainingsByDayId", "trainingsByDayOfTheWeekId", "userId", "groupId", "createdAt", "updatedAt") FROM stdin;
1	03.2024	\N	\N	\N	1	2024-03-30 10:37:49.086+05	2024-03-30 10:37:49.109+05
8	03.2024	\N	\N	\N	2	2024-03-31 11:22:07.276+05	2024-03-31 11:22:07.285+05
9	03.2024	\N	\N	\N	3	2024-03-31 11:27:30.048+05	2024-03-31 11:27:30.06+05
11	04.2024	\N	\N	\N	2	2024-04-02 07:27:54.924+05	2024-04-02 07:27:54.934+05
12	02.2024	\N	\N	\N	1	2024-04-02 08:07:29.136+05	2024-04-02 08:07:29.152+05
13	04.2024	\N	\N	\N	1	2024-04-07 17:19:18.94+05	2024-04-07 17:19:18.966+05
14	01.2024	\N	\N	\N	1	2024-04-13 17:15:07.486+05	2024-04-13 17:15:07.505+05
15	04.2024	\N	\N	\N	5	2024-04-14 18:46:59.881+05	2024-04-14 18:46:59.901+05
16	05.2024	\N	\N	\N	1	2024-04-20 15:48:03.56+05	2024-04-20 15:48:03.587+05
17	06.2024	\N	\N	\N	1	2024-04-20 16:38:10.483+05	2024-04-20 16:38:10.503+05
50	07.2025	\N	\N	\N	1	2025-05-21 23:54:44.28+05	2025-05-21 23:54:44.318+05
\.


--
-- Data for Name: trainingsByDay; Type: TABLE DATA; Schema: public; Owner: postgres
--

COPY public."trainingsByDay" (id, date, "time", "placeId", "scheduleId", "personTrainingsId", "createdAt", "updatedAt") FROM stdin;
1	04.03.2024	18:00	3	1	\N	2024-03-30 10:37:49.078+05	2024-03-30 10:37:49.104+05
2	07.03.2024	18:00	3	1	\N	2024-03-30 10:37:49.078+05	2024-03-30 10:37:49.104+05
3	11.03.2024	18:00	3	1	\N	2024-03-30 10:37:49.078+05	2024-03-30 10:37:49.104+05
4	14.03.2024	18:00	3	1	\N	2024-03-30 10:37:49.078+05	2024-03-30 10:37:49.104+05
5	18.03.2024	18:00	3	1	\N	2024-03-30 10:37:49.078+05	2024-03-30 10:37:49.104+05
6	21.03.2024	18:00	3	1	\N	2024-03-30 10:37:49.078+05	2024-03-30 10:37:49.104+05
7	25.03.2024	18:00	3	1	\N	2024-03-30 10:37:49.078+05	2024-03-30 10:37:49.104+05
8	28.03.2024	18:00	3	1	\N	2024-03-30 10:37:49.078+05	2024-03-30 10:37:49.104+05
73	01.04.2024	16:00	38	11	\N	2024-04-02 07:27:54.92+05	2024-04-02 07:27:54.932+05
74	04.04.2024	20:00	38	11	\N	2024-04-02 07:27:54.92+05	2024-04-02 07:27:54.932+05
75	08.04.2024	16:00	38	11	\N	2024-04-02 07:27:54.92+05	2024-04-02 07:27:54.932+05
76	11.04.2024	20:00	38	11	\N	2024-04-02 07:27:54.92+05	2024-04-02 07:27:54.932+05
77	15.04.2024	16:00	38	11	\N	2024-04-02 07:27:54.92+05	2024-04-02 07:27:54.932+05
78	18.04.2024	20:00	38	11	\N	2024-04-02 07:27:54.92+05	2024-04-02 07:27:54.932+05
79	22.04.2024	16:00	38	11	\N	2024-04-02 07:27:54.92+05	2024-04-02 07:27:54.932+05
80	25.04.2024	20:00	38	11	\N	2024-04-02 07:27:54.92+05	2024-04-02 07:27:54.932+05
81	29.04.2024	16:00	38	11	\N	2024-04-02 07:27:54.92+05	2024-04-02 07:27:54.932+05
54	01.03.2024	20:00	38	8	\N	2024-03-31 11:22:07.272+05	2024-03-31 11:22:07.283+05
55	06.03.2024	18:00	38	8	\N	2024-03-31 11:22:07.272+05	2024-03-31 11:22:07.283+05
56	08.03.2024	20:00	38	8	\N	2024-03-31 11:22:07.272+05	2024-03-31 11:22:07.283+05
57	13.03.2024	18:00	38	8	\N	2024-03-31 11:22:07.272+05	2024-03-31 11:22:07.283+05
58	15.03.2024	20:00	38	8	\N	2024-03-31 11:22:07.272+05	2024-03-31 11:22:07.283+05
59	20.03.2024	18:00	38	8	\N	2024-03-31 11:22:07.272+05	2024-03-31 11:22:07.283+05
26	01.03.2024	20:00	38	\N	\N	2024-03-31 11:18:56.782+05	2024-03-31 11:18:56.796+05
27	04.03.2024	18:00	38	\N	\N	2024-03-31 11:18:56.782+05	2024-03-31 11:18:56.796+05
28	08.03.2024	20:00	38	\N	\N	2024-03-31 11:18:56.782+05	2024-03-31 11:18:56.796+05
29	11.03.2024	18:00	38	\N	\N	2024-03-31 11:18:56.782+05	2024-03-31 11:18:56.796+05
30	15.03.2024	20:00	38	\N	\N	2024-03-31 11:18:56.782+05	2024-03-31 11:18:56.796+05
31	18.03.2024	18:00	38	\N	\N	2024-03-31 11:18:56.782+05	2024-03-31 11:18:56.796+05
32	22.03.2024	20:00	38	\N	\N	2024-03-31 11:18:56.782+05	2024-03-31 11:18:56.796+05
33	25.03.2024	18:00	38	\N	\N	2024-03-31 11:18:56.782+05	2024-03-31 11:18:56.796+05
34	29.03.2024	20:00	38	\N	\N	2024-03-31 11:18:56.782+05	2024-03-31 11:18:56.796+05
82	01.02.2024	20:00	38	12	\N	2024-04-02 08:07:29.131+05	2024-04-02 08:07:29.148+05
83	05.02.2024	16:00	38	12	\N	2024-04-02 08:07:29.131+05	2024-04-02 08:07:29.148+05
84	08.02.2024	20:00	38	12	\N	2024-04-02 08:07:29.131+05	2024-04-02 08:07:29.148+05
85	12.02.2024	16:00	38	12	\N	2024-04-02 08:07:29.131+05	2024-04-02 08:07:29.148+05
86	15.02.2024	20:00	38	12	\N	2024-04-02 08:07:29.131+05	2024-04-02 08:07:29.148+05
87	19.02.2024	16:00	38	12	\N	2024-04-02 08:07:29.131+05	2024-04-02 08:07:29.148+05
88	22.02.2024	20:00	38	12	\N	2024-04-02 08:07:29.131+05	2024-04-02 08:07:29.148+05
89	26.02.2024	16:00	38	12	\N	2024-04-02 08:07:29.131+05	2024-04-02 08:07:29.148+05
60	22.03.2024	20:00	38	8	\N	2024-03-31 11:22:07.272+05	2024-03-31 11:22:07.283+05
61	27.03.2024	18:00	38	8	\N	2024-03-31 11:22:07.272+05	2024-03-31 11:22:07.283+05
62	29.03.2024	20:00	38	8	\N	2024-03-31 11:22:07.272+05	2024-03-31 11:22:07.283+05
90	29.02.2024	20:00	38	12	\N	2024-04-02 08:07:29.131+05	2024-04-02 08:07:29.148+05
63	03.03.2024	14:00	3	9	\N	2024-03-31 11:27:30.044+05	2024-03-31 11:27:30.057+05
64	04.03.2024	21:00	3	9	\N	2024-03-31 11:27:30.044+05	2024-03-31 11:27:30.057+05
65	10.03.2024	14:00	3	9	\N	2024-03-31 11:27:30.044+05	2024-03-31 11:27:30.057+05
66	11.03.2024	21:00	3	9	\N	2024-03-31 11:27:30.044+05	2024-03-31 11:27:30.057+05
67	17.03.2024	14:00	3	9	\N	2024-03-31 11:27:30.044+05	2024-03-31 11:27:30.057+05
68	18.03.2024	21:00	3	9	\N	2024-03-31 11:27:30.044+05	2024-03-31 11:27:30.057+05
69	24.03.2024	14:00	3	9	\N	2024-03-31 11:27:30.044+05	2024-03-31 11:27:30.057+05
70	25.03.2024	21:00	3	9	\N	2024-03-31 11:27:30.044+05	2024-03-31 11:27:30.057+05
71	31.03.2024	14:00	3	9	\N	2024-03-31 11:27:30.044+05	2024-03-31 11:27:30.057+05
91	02.04.2024	14:00	40	13	\N	2024-04-07 17:19:18.932+05	2024-04-07 17:19:18.961+05
92	05.04.2024	20:00	40	13	\N	2024-04-07 17:19:18.932+05	2024-04-07 17:19:18.961+05
93	09.04.2024	14:00	40	13	\N	2024-04-07 17:19:18.932+05	2024-04-07 17:19:18.961+05
94	12.04.2024	20:00	40	13	\N	2024-04-07 17:19:18.932+05	2024-04-07 17:19:18.961+05
95	16.04.2024	14:00	40	13	\N	2024-04-07 17:19:18.932+05	2024-04-07 17:19:18.961+05
96	19.04.2024	20:00	40	13	\N	2024-04-07 17:19:18.932+05	2024-04-07 17:19:18.961+05
97	23.04.2024	14:00	40	13	\N	2024-04-07 17:19:18.932+05	2024-04-07 17:19:18.961+05
98	26.04.2024	20:00	40	13	\N	2024-04-07 17:19:18.932+05	2024-04-07 17:19:18.961+05
99	30.04.2024	14:00	40	13	\N	2024-04-07 17:19:18.932+05	2024-04-07 17:19:18.961+05
101	01.04.2024	18:00	3	13	\N	2024-04-13 16:19:39.395+05	2024-04-13 16:19:39.411+05
102	03.04.2024	18:00	3	13	\N	2024-04-13 16:19:40.639+05	2024-04-13 16:19:40.643+05
103	04.04.2024	18:00	3	13	\N	2024-04-13 16:19:41.804+05	2024-04-13 16:19:41.808+05
104	06.04.2024	18:00	3	13	\N	2024-04-13 16:19:43.284+05	2024-04-13 16:19:43.287+05
105	07.04.2024	18:00	3	13	\N	2024-04-13 16:19:44.688+05	2024-04-13 16:19:44.7+05
106	08.04.2024	18:00	3	13	\N	2024-04-13 16:20:39.115+05	2024-04-13 16:20:39.128+05
107	10.04.2024	18:00	3	13	\N	2024-04-13 16:20:40.372+05	2024-04-13 16:20:40.375+05
108	11.04.2024	18:00	3	13	\N	2024-04-13 16:20:41.67+05	2024-04-13 16:20:41.673+05
109	01.01.2024	18:00	3	14	\N	2024-04-13 17:15:07.48+05	2024-04-13 17:15:07.501+05
110	04.01.2024	18:00	3	14	\N	2024-04-13 17:15:07.48+05	2024-04-13 17:15:07.501+05
111	08.01.2024	18:00	3	14	\N	2024-04-13 17:15:07.48+05	2024-04-13 17:15:07.501+05
112	11.01.2024	18:00	3	14	\N	2024-04-13 17:15:07.48+05	2024-04-13 17:15:07.501+05
113	15.01.2024	18:00	3	14	\N	2024-04-13 17:15:07.48+05	2024-04-13 17:15:07.501+05
114	18.01.2024	18:00	3	14	\N	2024-04-13 17:15:07.48+05	2024-04-13 17:15:07.501+05
115	22.01.2024	18:00	3	14	\N	2024-04-13 17:15:07.48+05	2024-04-13 17:15:07.501+05
116	25.01.2024	18:00	3	14	\N	2024-04-13 17:15:07.48+05	2024-04-13 17:15:07.501+05
117	29.01.2024	18:00	3	14	\N	2024-04-13 17:15:07.48+05	2024-04-13 17:15:07.501+05
118	12.03.2024	18:00	3	1	\N	2024-04-13 18:55:20.013+05	2024-04-13 18:55:20.019+05
119	01.04.2024	18:00	3	15	\N	2024-04-14 18:46:59.874+05	2024-04-14 18:46:59.898+05
120	04.04.2024	18:00	3	15	\N	2024-04-14 18:46:59.874+05	2024-04-14 18:46:59.898+05
121	08.04.2024	18:00	3	15	\N	2024-04-14 18:46:59.874+05	2024-04-14 18:46:59.898+05
122	11.04.2024	18:00	3	15	\N	2024-04-14 18:46:59.874+05	2024-04-14 18:46:59.898+05
123	15.04.2024	18:00	3	15	\N	2024-04-14 18:46:59.874+05	2024-04-14 18:46:59.898+05
124	18.04.2024	18:00	3	15	\N	2024-04-14 18:46:59.874+05	2024-04-14 18:46:59.898+05
125	22.04.2024	18:00	3	15	\N	2024-04-14 18:46:59.874+05	2024-04-14 18:46:59.898+05
126	25.04.2024	18:00	3	15	\N	2024-04-14 18:46:59.874+05	2024-04-14 18:46:59.898+05
127	29.04.2024	18:00	3	15	\N	2024-04-14 18:46:59.874+05	2024-04-14 18:46:59.898+05
128	03.05.2024	20:00	40	16	\N	2024-04-20 15:48:03.551+05	2024-04-20 15:48:03.583+05
129	07.05.2024	14:00	40	16	\N	2024-04-20 15:48:03.551+05	2024-04-20 15:48:03.583+05
130	10.05.2024	20:00	40	16	\N	2024-04-20 15:48:03.551+05	2024-04-20 15:48:03.583+05
131	14.05.2024	14:00	40	16	\N	2024-04-20 15:48:03.551+05	2024-04-20 15:48:03.583+05
132	17.05.2024	20:00	40	16	\N	2024-04-20 15:48:03.551+05	2024-04-20 15:48:03.583+05
133	21.05.2024	14:00	40	16	\N	2024-04-20 15:48:03.551+05	2024-04-20 15:48:03.583+05
134	24.05.2024	20:00	40	16	\N	2024-04-20 15:48:03.551+05	2024-04-20 15:48:03.583+05
135	28.05.2024	14:00	40	16	\N	2024-04-20 15:48:03.551+05	2024-04-20 15:48:03.583+05
136	31.05.2024	20:00	40	16	\N	2024-04-20 15:48:03.551+05	2024-04-20 15:48:03.583+05
137	04.06.2024	14:00	40	17	\N	2024-04-20 16:38:10.478+05	2024-04-20 16:38:10.499+05
138	07.06.2024	20:00	40	17	\N	2024-04-20 16:38:10.478+05	2024-04-20 16:38:10.499+05
139	11.06.2024	14:00	40	17	\N	2024-04-20 16:38:10.478+05	2024-04-20 16:38:10.499+05
140	14.06.2024	20:00	40	17	\N	2024-04-20 16:38:10.478+05	2024-04-20 16:38:10.499+05
141	18.06.2024	14:00	40	17	\N	2024-04-20 16:38:10.478+05	2024-04-20 16:38:10.499+05
142	21.06.2024	20:00	40	17	\N	2024-04-20 16:38:10.478+05	2024-04-20 16:38:10.499+05
143	25.06.2024	14:00	40	17	\N	2024-04-20 16:38:10.478+05	2024-04-20 16:38:10.499+05
144	28.06.2024	20:00	40	17	\N	2024-04-20 16:38:10.478+05	2024-04-20 16:38:10.499+05
170	08.05.2024	18:00	3	16	\N	2024-05-29 23:17:06.058+05	2024-05-29 23:17:06.074+05
171	02.07.2025	18:00	40	50	\N	2025-05-21 23:54:44.268+05	2025-05-21 23:54:44.313+05
172	07.07.2025	18:00	3	50	\N	2025-05-21 23:54:44.268+05	2025-05-21 23:54:44.313+05
173	09.07.2025	18:00	40	50	\N	2025-05-21 23:54:44.268+05	2025-05-21 23:54:44.313+05
174	14.07.2025	18:00	3	50	\N	2025-05-21 23:54:44.268+05	2025-05-21 23:54:44.313+05
175	16.07.2025	18:00	40	50	\N	2025-05-21 23:54:44.268+05	2025-05-21 23:54:44.313+05
176	21.07.2025	18:00	3	50	\N	2025-05-21 23:54:44.268+05	2025-05-21 23:54:44.313+05
177	23.07.2025	18:00	40	50	\N	2025-05-21 23:54:44.268+05	2025-05-21 23:54:44.313+05
178	28.07.2025	18:00	3	50	\N	2025-05-21 23:54:44.268+05	2025-05-21 23:54:44.313+05
179	30.07.2025	18:00	40	50	\N	2025-05-21 23:54:44.268+05	2025-05-21 23:54:44.313+05
\.


--
-- Data for Name: trainingsByDayOfTheWeek; Type: TABLE DATA; Schema: public; Owner: postgres
--

COPY public."trainingsByDayOfTheWeek" (id, "dayOfTheWeek", "time", "placeId", "scheduleId", "createdAt", "updatedAt") FROM stdin;
1	1	18:00	3	1	2024-03-30 10:37:49.071+05	2024-03-30 10:37:49.095+05
2	4	18:00	3	1	2024-03-30 10:37:49.071+05	2024-03-30 10:37:49.095+05
7	1	18:00	38	\N	2024-03-31 11:18:56.78+05	2024-03-31 11:18:56.792+05
8	5	20:00	38	\N	2024-03-31 11:18:56.78+05	2024-03-31 11:18:56.792+05
13	3	18:00	38	8	2024-03-31 11:22:07.268+05	2024-03-31 11:22:07.28+05
14	5	20:00	38	8	2024-03-31 11:22:07.268+05	2024-03-31 11:22:07.28+05
15	1	21:00	3	9	2024-03-31 11:27:30.04+05	2024-03-31 11:27:30.053+05
16	0	14:00	3	9	2024-03-31 11:27:30.04+05	2024-03-31 11:27:30.053+05
17	1	16:00	38	11	2024-04-02 07:27:54.915+05	2024-04-02 07:27:54.928+05
18	4	20:00	38	11	2024-04-02 07:27:54.915+05	2024-04-02 07:27:54.928+05
19	1	16:00	38	12	2024-04-02 08:07:29.122+05	2024-04-02 08:07:29.142+05
20	4	20:00	38	12	2024-04-02 08:07:29.122+05	2024-04-02 08:07:29.142+05
21	2	14:00	40	13	2024-04-07 17:19:18.913+05	2024-04-07 17:19:18.953+05
22	5	20:00	40	13	2024-04-07 17:19:18.913+05	2024-04-07 17:19:18.953+05
23	1	18:00	3	14	2024-04-13 17:15:07.464+05	2024-04-13 17:15:07.494+05
24	4	18:00	3	14	2024-04-13 17:15:07.464+05	2024-04-13 17:15:07.494+05
25	1	18:00	3	15	2024-04-14 18:46:59.87+05	2024-04-14 18:46:59.89+05
26	4	18:00	3	15	2024-04-14 18:46:59.87+05	2024-04-14 18:46:59.89+05
27	2	14:00	40	16	2024-04-20 15:48:03.539+05	2024-04-20 15:48:03.575+05
28	5	20:00	40	16	2024-04-20 15:48:03.539+05	2024-04-20 15:48:03.575+05
29	2	14:00	40	17	2024-04-20 16:38:10.467+05	2024-04-20 16:38:10.492+05
30	5	20:00	40	17	2024-04-20 16:38:10.467+05	2024-04-20 16:38:10.492+05
62	1	18:00	3	50	2025-05-21 23:54:44.223+05	2025-05-21 23:54:44.302+05
63	3	18:00	40	50	2025-05-21 23:54:44.223+05	2025-05-21 23:54:44.302+05
\.


--
-- Data for Name: userGroups; Type: TABLE DATA; Schema: public; Owner: postgres
--

COPY public."userGroups" (id, "userId", "groupId") FROM stdin;
1	3	1
2	4	1
3	5	1
4	6	1
5	7	1
6	8	1
7	9	1
8	10	1
9	11	1
10	12	1
11	23	2
12	24	2
13	25	2
14	26	2
15	27	2
16	28	2
17	29	2
18	30	2
19	31	2
20	32	2
21	23	3
32	22	1
33	13	5
34	14	5
35	3	5
\.


--
-- Data for Name: users; Type: TABLE DATA; Schema: public; Owner: postgres
--

COPY public.users (id, type, email, password, photo, name, "parentName", birth, "trainingsLeft", "roleId", "createdAt", "updatedAt", "isVacation") FROM stdin;
22	user	user20_8@mail.ru	$2b$05$Cge2tKlAkrGW9o9O/MjYMO3P3hkttCBb8/H2cICMAjGwnqSvm.OSu	\N	Пользователь20_8 Пользователь20_8 Пользователь20_8	Родитель20_8 Родитель20_8 Родитель20_8	19.04.2019	-1	1	2024-03-30 09:57:10.196+05	2024-04-14 16:44:11.343+05	f
4	user	user2_8@mail.ru	$2b$05$LIUrf5KnjKsbvKr.kL/6qu89kjYHymRSG43WUwU52uzJplGTKiKpC	\N	Пользователь2_8 Пользователь2_8 Пользователь2_8	Родитель2_8 Родитель2_8 Родитель2_8	29.07.2018	-30	1	2024-03-30 09:52:50.239+05	2024-04-14 16:44:11.355+05	f
13	user	user11_8@mail.ru	$2b$05$kLtcjNkc5cXihd4BHyfZWewV0jDc0WXyHTF5oPcZACBgDs2LAFAkW	\N	Пользователь11_8 Пользователь11_8 Пользователь11_8	Родитель11_8 Родитель11_8 Родитель11_8	19.04.2019	-9	1	2024-03-30 09:55:02.798+05	2024-04-16 07:46:46.349+05	f
14	user	user12_8@mail.ru	$2b$05$62VXDeXxKjhU1MIPqgVtPOB0eDOq8EjLtzfdOTrjJ1WOaCZwu.mo2	\N	Пользователь12_8 Пользователь12_8 Пользователь12_8	Родитель12_8 Родитель12_8 Родитель12_8	19.04.2019	-1	1	2024-03-30 09:55:16.751+05	2024-04-16 07:49:23.216+05	f
3	user	user1_8@mail.ru	$2b$05$kOW7hK3oBQWKAYpXGQSdu./tPHMqPEEZEjc9OzHFrpXMCrw5jpQ9e	https://footykids-files-storage.storage.yandexcloud.net/avatars/3_photo_2023-08-24_10-36-43.jpg	Пользователь1_8 Пользователь1_8 Пользователь1_8	Родитель1_88 Родитель1_88 Родитель1_88	30.12.2017	-40	1	2024-03-30 09:52:06.209+05	2024-05-11 19:38:17.073+05	t
15	user	user13_8@mail.ru	$2b$05$Fe9IFQatU5ldaORZaBK1N.7j6947.tO0wR8iBlUiy0VSOhI7NYAFG	\N	Пользователь13_8 Пользователь13_8 Пользователь13_8	Родитель13_8 Родитель13_8 Родитель13_8	19.04.2019	0	1	2024-03-30 09:55:30.834+05	2024-03-30 09:55:30.839+05	f
16	user	user14_8@mail.ru	$2b$05$YfBIuTnSe1KblNwgnQLhFeK7S/ujHfl48hHVpmzvnx669V56Wf1mW	\N	Пользователь14_8 Пользователь14_8 Пользователь14_8	Родитель14_8 Родитель14_8 Родитель14_8	19.04.2019	0	1	2024-03-30 09:55:43.58+05	2024-03-30 09:55:43.586+05	f
17	user	user15_8@mail.ru	$2b$05$vmCasgSNTRIfZJMSrgQSR.vvyyrtFNi9RTfw6YxhSXoevWCs7cPOG	\N	Пользователь15_8 Пользователь15_8 Пользователь15_8	Родитель15_8 Родитель15_8 Родитель15_8	19.04.2019	0	1	2024-03-30 09:55:57.036+05	2024-03-30 09:55:57.051+05	f
18	user	user16_8@mail.ru	$2b$05$lmCu0zlfh08wW2PIyVXtYeIYfPk0BZbqZsWb.a7vBNhSjKpfYhsga	\N	Пользователь16_8 Пользователь16_8 Пользователь16_8	Родитель16_8 Родитель16_8 Родитель16_8	19.04.2019	0	1	2024-03-30 09:56:10.521+05	2024-03-30 09:56:10.526+05	f
19	user	user17_8@mail.ru	$2b$05$VVjiXsi2EC/sPbJvtxUiMeYZHSNBgDmotROJymWz9Dr93.3uCvbY.	\N	Пользователь17_8 Пользователь17_8 Пользователь17_8	Родитель17_8 Родитель17_8 Родитель17_8	19.04.2019	0	1	2024-03-30 09:56:23.469+05	2024-03-30 09:56:23.474+05	f
20	user	user18_8@mail.ru	$2b$05$uhz6yBBL5znUK7dSxDwp9.PkpvhSPihKJDKviLuHFiPNWVt1vFTaG	\N	Пользователь18_8 Пользователь18_8 Пользователь18_8	Родитель18_8 Родитель18_8 Родитель18_8	19.04.2019	0	1	2024-03-30 09:56:35.652+05	2024-03-30 09:56:35.665+05	f
21	user	user19_8@mail.ru	$2b$05$7ya8sfbETYRAIb.Ty0DswegeGAB10CRpgCOX54OTKL87nQDRPStcm	\N	Пользователь19_8 Пользователь19_8 Пользователь19_8	Родитель19_8 Родитель19_8 Родитель19_8	19.04.2019	0	1	2024-03-30 09:56:52.774+05	2024-03-30 09:56:52.789+05	f
7	user	user5_8@mail.ru	$2b$05$ms0WDWlwW1ELtewJvmPcqOOjnFCASpViU9RD5d9x7BV1jGtvavNXu	\N	Пользователь5_8 Пользователь5_8 Пользователь5_8	Родитель5_8 Родитель5_8 Родитель5_8	19.04.2019	-30	1	2024-03-30 09:53:44.811+05	2024-04-14 16:44:11.362+05	f
8	user	user6_8@mail.ru	$2b$05$ulTYHaHsTTE7sVnH/Pa8.uer9v3WPURY2n9KDObOW8vET9EijxNoa	\N	Пользователь6_8 Пользователь6_8 Пользователь6_8	Родитель6_8 Родитель6_8 Родитель6_8	19.04.2019	-30	1	2024-03-30 09:53:57.206+05	2024-04-14 16:44:11.363+05	f
10	user	user8_8@mail.ru	$2b$05$XItPbJV0j5xuQAIDEIaYW.dg0bZYC7oWW/1LuIJCJjNf0nT9qA9KK	\N	Пользователь8_8 Пользователь8_8 Пользователь8_8	Родитель8_8 Родитель8_8 Родитель8_8	19.04.2019	-30	1	2024-03-30 09:54:23.062+05	2024-04-14 16:44:11.365+05	f
33	user	user11_12@mail.ru	$2b$05$o2bwoRphDUkZ1oVmiflGs.U/29rksoBn.zWYpzwp6we6dKuLsuDCu	\N	Пользователь11_12 Пользователь11_12 Пользователь11_12	Родитель11_12 Родитель11_12 Родитель11_12	19.04.2013	0	1	2024-03-30 10:00:40.469+05	2024-03-30 10:00:40.475+05	f
34	user	user12_12@mail.ru	$2b$05$gxW0TiYpuwq/TgunIEeSPeN79hab6faHP93sPZg59GF3O2ArW6umS	\N	Пользователь12_12 Пользователь12_12 Пользователь12_12	Родитель12_12 Родитель12_12 Родитель12_12	19.04.2013	0	1	2024-03-30 10:00:51.492+05	2024-03-30 10:00:51.508+05	f
35	user	user13_12@mail.ru	$2b$05$ERt47yThQ3.sd.vbhMuI2.jpF401RkUubKlC8WtH7wKAMue0nIAie	\N	Пользователь13_12 Пользователь13_12 Пользователь13_12	Родитель13_12 Родитель13_12 Родитель13_12	19.04.2013	0	1	2024-03-30 10:01:01.83+05	2024-03-30 10:01:01.835+05	f
36	user	user14_12@mail.ru	$2b$05$h76aS1bjosJXDlmz6Z.3KezrSYXKm5US3YHawCIYSUgKesWRcHxa.	\N	Пользователь14_12 Пользователь14_12 Пользователь14_12	Родитель14_12 Родитель14_12 Родитель14_12	19.04.2013	0	1	2024-03-30 10:01:13.81+05	2024-03-30 10:01:13.82+05	f
37	user	user15_12@mail.ru	$2b$05$.Ig3xwg7vtJjwXbxZQt9peEgGxPSlyuMy.ql1980VUS2ucZodeI0u	\N	Пользователь15_12 Пользователь15_12 Пользователь15_12	Родитель15_12 Родитель15_12 Родитель15_12	19.04.2013	0	1	2024-03-30 10:01:26.402+05	2024-03-30 10:01:26.407+05	f
38	user	user16_12@mail.ru	$2b$05$rQmAPL8uf1pJGKqyTuHcw.hfafTxNCEyXfQryQpUy1yfDzTIOUzB6	\N	Пользователь16_12 Пользователь16_12 Пользователь16_12	Родитель16_12 Родитель16_12 Родитель16_12	19.04.2013	0	1	2024-03-30 10:01:40.009+05	2024-03-30 10:01:40.014+05	f
39	user	user17_12@mail.ru	$2b$05$I9f1SfntC/kvWWlzy1DnnuKn9lGbqykSxqCNoLjwRck9LGq5PhMMy	\N	Пользователь17_12 Пользователь17_12 Пользователь17_12	Родитель17_12 Родитель17_12 Родитель17_12	19.04.2013	0	1	2024-03-30 10:01:54.307+05	2024-03-30 10:01:54.322+05	f
40	user	user18_12@mail.ru	$2b$05$am5hhIrxR.7uIi4zZc0XXO3gUk4OGNnRfG578JY92nyz.9njJhXXa	\N	Пользователь18_12 Пользователь18_12 Пользователь18_12	Родитель18_12 Родитель18_12 Родитель18_12	19.04.2013	0	1	2024-03-30 10:02:09.956+05	2024-03-30 10:02:09.962+05	f
41	user	user19_12@mail.ru	$2b$05$nPFEPPGXSEU0Ea1APupui.QoRkz7so/nPyVWDYPpssywLzKI1b1PS	\N	Пользователь19_12 Пользователь19_12 Пользователь19_12	Родитель19_12 Родитель19_12 Родитель19_12	19.04.2013	0	1	2024-03-30 10:02:23.335+05	2024-03-30 10:02:23.35+05	f
42	user	user20_12@mail.ru	$2b$05$tnYSjvAkp.SbeDkq5zyFt.BEPuC2Lak97q1COR9jYagzZrd8jspgq	\N	Пользователь20_12 Пользователь20_12 Пользователь20_12	Родитель20_12 Родитель20_12 Родитель20_12	19.04.2013	0	1	2024-03-30 10:02:41.946+05	2024-03-30 10:02:41.952+05	f
43	coach	max.klim2004@mail.ru	$2b$05$USJwyr08Cry9fdOY9buvTe4QHQnNchmxR2tiFwrvmOSGeKgSLcLMC	\N	Клименко Максим Вячеславович	\N	\N	0	3	2024-03-30 10:30:07.744+05	2024-03-30 10:30:07.744+05	f
9	user	user7_8@mail.ru	$2b$05$FQgC1owrr4pLAt28z9rKPetAnI7N4x78hwIxsol3ZVYDIrVEoz7tC	\N	Пользователь7_8 Пользователь7_8 Пользователь7_8	Родитель7_8 Родитель7_8 Родитель7_8	19.04.2019	-30	1	2024-03-30 09:54:10.828+05	2024-04-14 16:44:11.357+05	f
6	user	user4_8@mail.ru	$2b$05$o9kmxgeVdZpaGa1zdWBfnuSJToOMZdlawG/CfMCsWHWM2JCymt7iq	\N	Пользователь4_8 Пользователь4_8 Пользователь4_8	Родитель4_8 Родитель4_8 Родитель4_8	19.04.2019	-30	1	2024-03-30 09:53:28.709+05	2024-04-14 16:44:11.358+05	f
5	user	user3_8@mail.ru	$2b$05$JT.jkEsvRp6wjb0ZZs0NJ.JnJ1wsz5a0Rm8oxRNDxweoXjDKgz1UK	\N	Пользователь3_8 Пользователь3_8 Пользователь3_8	Родитель3_8 Родитель3_8 Родитель3_8	19.04.2019	-30	1	2024-03-30 09:53:14.281+05	2024-04-14 16:44:11.36+05	f
11	user	user9_8@mail.ru	$2b$05$t1B7vtZFUunyGBkm1gA23eUhKCiDZSzlP.h81nEXITFmV.7N2SrYy	\N	Пользователь9_8 Пользователь9_8 Пользователь9_8	Родитель9_8 Родитель9_8 Родитель9_8	19.04.2019	-30	1	2024-03-30 09:54:36.639+05	2024-04-14 16:44:11.367+05	f
44	coach	dmitriiprutov@mail.ru	$2b$05$AfB8DEaa77UUW96HaYYoAuRXKNDHs7FUR2IRE9a/QyjHonTDb3pSC	\N	Прутов Дмитрий Сергеевич	\N	\N	0	4	2024-03-30 10:40:02.085+05	2024-04-21 15:13:14.11+05	f
23	user	user1_12@mail.ru	$2b$05$j0ACq7YG/ESVvi6qiOy..uya5Hn/HpDQQA4EQt6FolpAuazDBeWTy	\N	Пользователь1_12 Пользователь1_12 Пользователь1_12	Родитель1_12 Родитель1_12 Родитель1_12	19.04.2013	0	1	2024-03-30 09:58:28.667+05	2024-04-13 11:49:29.268+05	f
24	user	user2_12@mail.ru	$2b$05$Xu0Fd6I6zvMpY4SFC2lhiOQ836xR0AEUXs8G1H7Nvd5r7Zuxa4q2m	\N	Пользователь2_12 Пользователь2_12 Пользователь2_12	Родитель2_12 Родитель2_12 Родитель2_12	19.04.2013	0	1	2024-03-30 09:58:42.458+05	2024-04-13 11:49:29.266+05	f
25	user	user3_12@mail.ru	$2b$05$k.tfyzwML0Sjf79lNEhsjOaalK7CSw9vBMOH2WPN7FdWI2Pfl34AO	\N	Пользователь3_12 Пользователь3_12 Пользователь3_12	Родитель3_12 Родитель3_12 Родитель3_12	19.04.2013	0	1	2024-03-30 09:58:53.39+05	2024-04-13 11:49:29.263+05	f
26	user	user4_12@mail.ru	$2b$05$V/ha1gZJI8EpAUFb2nILPOgOSgefCx4Rblg07s1dKsDEPKmh/F6a6	\N	Пользователь4_12 Пользователь4_12 Пользователь4_12	Родитель4_12 Родитель4_12 Родитель4_12	19.04.2013	0	1	2024-03-30 09:59:05.654+05	2024-04-13 11:49:29.276+05	f
27	user	user5_12@mail.ru	$2b$05$B9viVuGlxoX3sHup47K6dumBiru2CJoc4zsCI6/CANVGsNLSoVR6e	\N	Пользователь5_12 Пользователь5_12 Пользователь5_12	Родитель5_12 Родитель5_12 Родитель5_12	19.04.2013	0	1	2024-03-30 09:59:17.973+05	2024-04-13 11:49:29.28+05	f
28	user	user6_12@mail.ru	$2b$05$LOehz0QNjelY2Igk7pffOe0bHKcZLZKMZHsxYUZYfcZrU.m5HnoQ6	\N	Пользователь6_12 Пользователь6_12 Пользователь6_12	Родитель6_12 Родитель6_12 Родитель6_12	19.04.2013	0	1	2024-03-30 09:59:31.663+05	2024-04-13 11:49:29.272+05	f
29	user	user7_12@mail.ru	$2b$05$gjCdHVe1wNq2GMrpqWzNJuys6hVSQXhO12YzpLkQHpUaIj7bs.OM6	\N	Пользователь7_12 Пользователь7_12 Пользователь7_12	Родитель7_12 Родитель7_12 Родитель7_12	19.04.2013	0	1	2024-03-30 09:59:46.003+05	2024-04-13 11:49:29.27+05	f
30	user	user8_12@mail.ru	$2b$05$ccw0ARNDRzWtrIMfD7yztOIVCg8VUH1ekuaDzU1iA5texZsJy4Kyq	\N	Пользователь8_12 Пользователь8_12 Пользователь8_12	Родитель8_12 Родитель8_12 Родитель8_12	19.04.2013	0	1	2024-03-30 10:00:01.041+05	2024-04-13 11:49:29.281+05	f
31	user	user9_12@mail.ru	$2b$05$m5C5F/obGq.zcgd/k9uHb.n84S.WBUj6hothb1myVEXL6gX9wDoKy	\N	Пользователь9_12 Пользователь9_12 Пользователь9_12	Родитель9_12 Родитель9_12 Родитель9_12	19.04.2013	0	1	2024-03-30 10:00:14.989+05	2024-04-13 11:49:29.278+05	f
32	user	user10_12@mail.ru	$2b$05$T8NYR2Q3DPWv4.r9QToWxO3xDYFHfoG8BhqMhaJl95wz3nY1n6SBS	\N	Пользователь10_12 Пользователь10_12 Пользователь10_12	Родитель10_12 Родитель10_12 Родитель10_12	19.04.2013	0	1	2024-03-30 10:00:29.377+05	2024-04-13 12:33:19.164+05	f
12	user	user10_8@mail.ru	$2b$05$WVcLD9hQSIMAHFpvlZEtWeADN46i5LWEX9mj7bJcrqgR53C1qsli2	\N	Пользователь10_8 Пользователь10_8 Пользователь10_8	Родитель10_8 Родитель10_8 Родитель10_8	19.04.2019	-30	1	2024-03-30 09:54:50.535+05	2024-04-20 14:56:10.208+05	f
45	coach	kav@mail.ru	$2b$05$INwgwW2UWLxIHm90rIv.2O29GrMpsWXJFVqB5tdpx2mYxnh53jJ2a	\N	Клименко Александр Вячеславович	\N	\N	0	2	2024-04-20 20:50:12.812+05	2024-04-20 20:57:45.401+05	f
46	user	honmxx@gmail.com	$2b$05$d.XwCyVo3bW6WYwcu/W0Y.ao5.hGrUmIFz2i1KT/SfWdTh5D4uFZ.	\N	Аааа Аааа Аааа	Вввв Вввв Вввв	12.03.2004	0	1	2025-05-22 00:10:38.766+05	2025-05-22 00:10:38.821+05	f
\.


--
-- Name: groups_id_seq; Type: SEQUENCE SET; Schema: public; Owner: postgres
--

SELECT pg_catalog.setval('public.groups_id_seq', 5, true);


--
-- Name: insurance_id_seq; Type: SEQUENCE SET; Schema: public; Owner: postgres
--

SELECT pg_catalog.setval('public.insurance_id_seq', 1, true);


--
-- Name: medicalDocument_id_seq; Type: SEQUENCE SET; Schema: public; Owner: postgres
--

SELECT pg_catalog.setval('public."medicalDocument_id_seq"', 1, true);


--
-- Name: personTrainings_id_seq; Type: SEQUENCE SET; Schema: public; Owner: postgres
--

SELECT pg_catalog.setval('public."personTrainings_id_seq"', 576, true);


--
-- Name: places_id_seq; Type: SEQUENCE SET; Schema: public; Owner: postgres
--

SELECT pg_catalog.setval('public.places_id_seq', 40, true);


--
-- Name: roles_id_seq; Type: SEQUENCE SET; Schema: public; Owner: postgres
--

SELECT pg_catalog.setval('public.roles_id_seq', 1, false);


--
-- Name: schedule_id_seq; Type: SEQUENCE SET; Schema: public; Owner: postgres
--

SELECT pg_catalog.setval('public.schedule_id_seq', 82, true);


--
-- Name: trainingsByDayOfTheWeek_id_seq; Type: SEQUENCE SET; Schema: public; Owner: postgres
--

SELECT pg_catalog.setval('public."trainingsByDayOfTheWeek_id_seq"', 94, true);


--
-- Name: trainingsByDay_id_seq; Type: SEQUENCE SET; Schema: public; Owner: postgres
--

SELECT pg_catalog.setval('public."trainingsByDay_id_seq"', 203, true);


--
-- Name: userGroups_id_seq; Type: SEQUENCE SET; Schema: public; Owner: postgres
--

SELECT pg_catalog.setval('public."userGroups_id_seq"', 35, true);


--
-- Name: users_id_seq; Type: SEQUENCE SET; Schema: public; Owner: postgres
--

SELECT pg_catalog.setval('public.users_id_seq', 46, true);


--
-- Name: groups groups_name_key; Type: CONSTRAINT; Schema: public; Owner: postgres
--

ALTER TABLE ONLY public.groups
    ADD CONSTRAINT groups_name_key UNIQUE (name);


--
-- Name: groups groups_pkey; Type: CONSTRAINT; Schema: public; Owner: postgres
--

ALTER TABLE ONLY public.groups
    ADD CONSTRAINT groups_pkey PRIMARY KEY (id);


--
-- Name: insurance insurance_pkey; Type: CONSTRAINT; Schema: public; Owner: postgres
--

ALTER TABLE ONLY public.insurance
    ADD CONSTRAINT insurance_pkey PRIMARY KEY (id);


--
-- Name: medicalDocument medicalDocument_pkey; Type: CONSTRAINT; Schema: public; Owner: postgres
--

ALTER TABLE ONLY public."medicalDocument"
    ADD CONSTRAINT "medicalDocument_pkey" PRIMARY KEY (id);


--
-- Name: personTrainings personTrainings_pkey; Type: CONSTRAINT; Schema: public; Owner: postgres
--

ALTER TABLE ONLY public."personTrainings"
    ADD CONSTRAINT "personTrainings_pkey" PRIMARY KEY (id);


--
-- Name: places places_pkey; Type: CONSTRAINT; Schema: public; Owner: postgres
--

ALTER TABLE ONLY public.places
    ADD CONSTRAINT places_pkey PRIMARY KEY (id);


--
-- Name: roles roles_pkey; Type: CONSTRAINT; Schema: public; Owner: postgres
--

ALTER TABLE ONLY public.roles
    ADD CONSTRAINT roles_pkey PRIMARY KEY (id);


--
-- Name: roles roles_text_key; Type: CONSTRAINT; Schema: public; Owner: postgres
--

ALTER TABLE ONLY public.roles
    ADD CONSTRAINT roles_text_key UNIQUE (text);


--
-- Name: roles roles_value_key; Type: CONSTRAINT; Schema: public; Owner: postgres
--

ALTER TABLE ONLY public.roles
    ADD CONSTRAINT roles_value_key UNIQUE (value);


--
-- Name: schedule schedule_pkey; Type: CONSTRAINT; Schema: public; Owner: postgres
--

ALTER TABLE ONLY public.schedule
    ADD CONSTRAINT schedule_pkey PRIMARY KEY (id);


--
-- Name: trainingsByDayOfTheWeek trainingsByDayOfTheWeek_pkey; Type: CONSTRAINT; Schema: public; Owner: postgres
--

ALTER TABLE ONLY public."trainingsByDayOfTheWeek"
    ADD CONSTRAINT "trainingsByDayOfTheWeek_pkey" PRIMARY KEY (id);


--
-- Name: trainingsByDay trainingsByDay_pkey; Type: CONSTRAINT; Schema: public; Owner: postgres
--

ALTER TABLE ONLY public."trainingsByDay"
    ADD CONSTRAINT "trainingsByDay_pkey" PRIMARY KEY (id);


--
-- Name: userGroups userGroups_pkey; Type: CONSTRAINT; Schema: public; Owner: postgres
--

ALTER TABLE ONLY public."userGroups"
    ADD CONSTRAINT "userGroups_pkey" PRIMARY KEY (id);


--
-- Name: userGroups userGroups_userId_groupId_key; Type: CONSTRAINT; Schema: public; Owner: postgres
--

ALTER TABLE ONLY public."userGroups"
    ADD CONSTRAINT "userGroups_userId_groupId_key" UNIQUE ("userId", "groupId");


--
-- Name: users users_email_key; Type: CONSTRAINT; Schema: public; Owner: postgres
--

ALTER TABLE ONLY public.users
    ADD CONSTRAINT users_email_key UNIQUE (email);


--
-- Name: users users_pkey; Type: CONSTRAINT; Schema: public; Owner: postgres
--

ALTER TABLE ONLY public.users
    ADD CONSTRAINT users_pkey PRIMARY KEY (id);


--
-- Name: insurance insurance_userId_fkey; Type: FK CONSTRAINT; Schema: public; Owner: postgres
--

ALTER TABLE ONLY public.insurance
    ADD CONSTRAINT "insurance_userId_fkey" FOREIGN KEY ("userId") REFERENCES public.users(id) ON UPDATE CASCADE ON DELETE SET NULL;


--
-- Name: medicalDocument medicalDocument_userId_fkey; Type: FK CONSTRAINT; Schema: public; Owner: postgres
--

ALTER TABLE ONLY public."medicalDocument"
    ADD CONSTRAINT "medicalDocument_userId_fkey" FOREIGN KEY ("userId") REFERENCES public.users(id) ON UPDATE CASCADE ON DELETE SET NULL;


--
-- Name: personTrainings personTrainings_trainingByDayId_fkey; Type: FK CONSTRAINT; Schema: public; Owner: postgres
--

ALTER TABLE ONLY public."personTrainings"
    ADD CONSTRAINT "personTrainings_trainingByDayId_fkey" FOREIGN KEY ("trainingByDayId") REFERENCES public."trainingsByDay"(id) ON UPDATE CASCADE ON DELETE SET NULL;


--
-- Name: schedule schedule_groupId_fkey; Type: FK CONSTRAINT; Schema: public; Owner: postgres
--

ALTER TABLE ONLY public.schedule
    ADD CONSTRAINT "schedule_groupId_fkey" FOREIGN KEY ("groupId") REFERENCES public.groups(id) ON UPDATE CASCADE ON DELETE SET NULL;


--
-- Name: trainingsByDayOfTheWeek trainingsByDayOfTheWeek_placeId_fkey; Type: FK CONSTRAINT; Schema: public; Owner: postgres
--

ALTER TABLE ONLY public."trainingsByDayOfTheWeek"
    ADD CONSTRAINT "trainingsByDayOfTheWeek_placeId_fkey" FOREIGN KEY ("placeId") REFERENCES public.places(id) ON UPDATE CASCADE ON DELETE SET NULL;


--
-- Name: trainingsByDayOfTheWeek trainingsByDayOfTheWeek_scheduleId_fkey; Type: FK CONSTRAINT; Schema: public; Owner: postgres
--

ALTER TABLE ONLY public."trainingsByDayOfTheWeek"
    ADD CONSTRAINT "trainingsByDayOfTheWeek_scheduleId_fkey" FOREIGN KEY ("scheduleId") REFERENCES public.schedule(id) ON UPDATE CASCADE ON DELETE SET NULL;


--
-- Name: trainingsByDay trainingsByDay_placeId_fkey; Type: FK CONSTRAINT; Schema: public; Owner: postgres
--

ALTER TABLE ONLY public."trainingsByDay"
    ADD CONSTRAINT "trainingsByDay_placeId_fkey" FOREIGN KEY ("placeId") REFERENCES public.places(id) ON UPDATE CASCADE ON DELETE SET NULL;


--
-- Name: trainingsByDay trainingsByDay_scheduleId_fkey; Type: FK CONSTRAINT; Schema: public; Owner: postgres
--

ALTER TABLE ONLY public."trainingsByDay"
    ADD CONSTRAINT "trainingsByDay_scheduleId_fkey" FOREIGN KEY ("scheduleId") REFERENCES public.schedule(id) ON UPDATE CASCADE ON DELETE SET NULL;


--
-- Name: userGroups userGroups_groupId_fkey; Type: FK CONSTRAINT; Schema: public; Owner: postgres
--

ALTER TABLE ONLY public."userGroups"
    ADD CONSTRAINT "userGroups_groupId_fkey" FOREIGN KEY ("groupId") REFERENCES public.groups(id) ON UPDATE CASCADE ON DELETE CASCADE;


--
-- Name: userGroups userGroups_userId_fkey; Type: FK CONSTRAINT; Schema: public; Owner: postgres
--

ALTER TABLE ONLY public."userGroups"
    ADD CONSTRAINT "userGroups_userId_fkey" FOREIGN KEY ("userId") REFERENCES public.users(id) ON UPDATE CASCADE ON DELETE CASCADE;


--
-- Name: users users_roleId_fkey; Type: FK CONSTRAINT; Schema: public; Owner: postgres
--

ALTER TABLE ONLY public.users
    ADD CONSTRAINT "users_roleId_fkey" FOREIGN KEY ("roleId") REFERENCES public.roles(id) ON UPDATE CASCADE ON DELETE SET NULL;


--
-- PostgreSQL database dump complete
--

